"Project ID","Created date","Customer name","Due date","Estimate name","Has Estimate","Has uninvoiced charge","Item category name","Item class","Item code","Item Customer","Item description","Item family name","Item type","Date last Job completed ","Performance","Planned end","Planned start","Project code","Project description","Project status","Reference 1","Reference 2","Reference 3","Scenario name","Site name","Standard people","Standard units per hour","Total charge","Uninvoiced total charge","Uninvoiced total charge per unit","Uninvoiced units produced","Unit of measure","Units expected","Units Produced","Units remaining"
"1990909","2019-Oct-29 09:05 PM","Olly","2019-Oct-29 09:05 PM","","No","Yes","Vitamin","","OLLY-112-12PK","Olly","700269.01 Collagen Rings 30ct - Large","Large","Finished Good","2019-Nov-07 07:50 PM","100.00%","","","1990909","","Closed","100864","","","","MSI Portage","8.00","993.00000","0.00","0.00","0.00000","35884.00000","bottles","40000.00000","35884.00000","4116.00000"
"1990547","2019-Oct-29 01:50 PM","Hometown Foods","2019-Nov-01 04:53 AM","","No","Yes","","","HTFOODS-27","Hometown Foods","5150008000 Vanilla Pastry Bag","","Finished Good","2019-Nov-08 12:00 AM","100.00%","2019-Nov-01 04:53 AM","2019-Oct-30 01:52 PM","1990547","PLEASE RUN TO THE NUMBER - OK TO AT LEAST RUN OUT THE FINAL TOTE","Closed","","","","","MSI Portage","7.50","1725.00000","0.00","0.00","0.00000","125178.00000","bags","114000.00000","125178.00000","-11178.00000"
"1990503","2019-Oct-29 12:58 PM","Olly","2019-Oct-29 12:55 PM","","No","Yes","Bottles","","OLLY-80HSC-A","Olly","700188.01 Kids Multi 160 Ct. HSC (Col)","","Finished Good","2019-Oct-31 10:25 AM","100.00%","","","1990503","run out Colombian gummies","Closed","100839","","","","MSI Portage","8.00","430.00000","0.00","0.00","0.00000","10356.00000","bottles","9500.00000","10356.00000","-856.00000"
"1990429","2019-Oct-29 12:01 PM","Olly","2019-Oct-29 12:00 PM","","No","Yes","Vitamin","","OLLY-14-BP","Olly","700167.01 Sleep 60ct - Bonus Pack","Bonus Pack","Finished Good","2019-Nov-11 04:10 PM","100.00%","","","1990429","","Closed","100864","","","","MSI Portage","8.00","989.25000","0.00","0.00","0.00000","157836.00000","bottles","157000.00000","157836.00000","-836.00000"
"1990237","2019-Oct-29 10:07 AM","ConAgra Foods FSC AP","2019-Oct-30 10:07 AM","","No","Yes","Solid Food","","CONAGF-05-03","ConAgra Foods FSC AP","David's Energy Seed Blend - Batch","","Batch","2019-Oct-30 03:30 PM","100.00%","","","1990237","","Closed","","","","","MSI Portage","0.00","0.00000","0.00","0.00","0.00000","900.00000","pounds","1200.00000","900.00000","300.00000"
"1990088","2019-Oct-29 08:39 AM","Post Foods","","","No","Yes","Solid Food","","POST-05A","Post Foods","34333 Fruity Pebbles Cereal Cup","","Finished Good","2019-Nov-11 03:15 PM","100.00%","","2019-Oct-29 06:30 AM","05a-1st-OCT","RUN TO THE NUMBER.
DO NOT RUN THE CEREAL OUT!","Closed","","","","","MSI Portage","6.00","2934.00000","0.00","0.00","0.00000","144204.00000","cups","144000.00000","144204.00000","-204.00000"
"1990038","2019-Oct-29 07:47 AM","Olly","2019-Oct-29 07:45 AM","","No","Yes","Vitamin","","OLLY-11A-12PK","Olly","700055.01 Probiotic + Preboitic 30ct (FLA) - Medium","Medium","Finished Good","2019-Nov-01 01:30 AM","100.00%","","","1990038","","Closed","100839","","","","MSI Portage","8.00","993.50000","0.00","0.00","0.00000","65088.00000","bottles","60000.00000","65088.00000","-5088.00000"
"1989755","2019-Oct-28 04:04 PM","Olly","2019-Oct-28 04:00 PM","","No","Yes","Pouches","","OLLY-115","Olly","700266.01 Bedtime Beauty Sephora 8Ct. Travel Pack","","Finished Good","2019-Oct-31 03:35 PM","100.00%","","","1989755","","Closed","","","","","MSI Portage","0.00","0.00000","0.00","0.00","0.00000","18912.00000","pouches","17500.00000","18912.00000","-1412.00000"
"1989694","2019-Oct-28 03:37 PM","Dean Foods","2019-Nov-20 03:37 PM","","No","Yes","","","DEAN-04","Dean Foods","Deans Foods Tortilla Strips","","Finished Good","2019-Nov-08 08:58 AM","100.00%","2019-Nov-08 03:21 PM","2019-Nov-06 03:20 PM","1989694","","Closed","11.20.19 T","","","","MSI Portage","3.50","3000.00000","0.00","0.00","0.00000","9135.00000","lids","25000.00000","9135.00000","15865.00000"
"1989158","2019-Oct-28 01:21 PM","Phonomenal","2019-Nov-08 01:21 PM","","No","Yes","","","PHONOM-01A-6CT","Phonomenal","601 Finished 2.1oz Beef Bowl 6ct Soy Free","","Finished Good","2019-Nov-14 10:51 AM","100.00%","","","1989158","","Closed","1011","","","","MSI Portage","5.50","1396.00000","0.00","0.00","0.00000","30000.00000","cups","30000.00000","30000.00000","0.00000"
"1989135","2019-Oct-28 01:02 PM","Noosa","","","No","Yes","","","NOOSA-11-03","Noosa","Cookies & Cream Batch","","Batch","2019-Nov-26 03:06 PM","100.00%","","","1989135","PLEASE DO NOT CHANGE ANYTHING ON THE BATCH QTY UNLESS DISCUSSED WITH SAMANTHA OR LYNN!!! MUST CALL BEFORE MODIFICATIONS!!!!!!!!!!!!! - SAY","Closed","","","","","MSI Portage","0.00","0.00000","0.00","0.00","0.00000","2739.60000","pounds","5300.00000","2739.60000","2560.40000"
"1989132","2019-Oct-28 12:52 PM","Noosa","","","No","Yes","","","NOOSA-08-03","Noosa","Coffee Chocolate Almond","","Batch","2019-Nov-08 12:09 PM","100.00%","","","1989132","PLEASE DO NOT CHANGE ANYTHING ON THE BATCH QTY UNLESS DISCUSSED WITH SAMANTHA OR LYNN!!! MUST CALL BEFORE MODIFICATIONS!!!!!!!!!!!!! - SAY","Closed","","","","","MSI Portage","0.00","0.00000","0.00","0.00","0.00000","1120.00000","pounds","2300.00000","1120.00000","1180.00000"
"1988392","2019-Oct-28 11:58 AM","Olly","2019-Oct-28 11:55 AM","","No","Yes","Vitamin","","OLLY-77A-12PK","Olly","700172.01 Kids Multi + Probiotic 100ct (Fla) - Tallboy","","Finished Good","2019-Nov-01 01:37 AM","100.00%","","","1988392","","Closed","100839","","","","MSI Portage","8.00","588.00000","0.00","0.00","0.00000","32904.00000","bottles","40000.00000","32904.00000","7096.00000"
"1988390","2019-Oct-28 11:57 AM","Noosa","","","No","Yes","","","NOOSA-06-03","Noosa","Salted Caramel Chocolate Blend","","Batch","2019-Nov-07 12:10 PM","100.00%","","","1988390","","Closed","","","","","MSI Portage","0.00","0.00000","0.00","0.00","0.00000","1402.50000","pounds","1200.00000","1402.50000","-202.50000"
"1988385","2019-Oct-28 11:50 AM","Noosa","","","No","Yes","","","NOOSA-04-03","Noosa","Coconut Almond Blend","","Batch","2019-Nov-22 12:59 PM","100.00%","2019-Dec-23 01:01 PM","2019-Dec-02 01:01 PM","1988385","PLEASE DO NOT CHANGE ANYTHING ON THE BATCH QTY UNLESS DISCUSSED WITH SAMANTHA OR LYNN!!! MUST CALL BEFORE MODIFICATIONS!!!!!!!!!!!!! - SAY","Closed","","","","","MSI Portage","0.00","0.00000","0.00","0.00","0.00000","5400.00000","pounds","10000.00000","5400.00000","4600.00000"
"1988365","2019-Oct-28 11:40 AM","Quaker","","","No","Yes","Cups","","QUAKER-34","Quaker","#30000565247 Overnight Oats Unflavored Chia","Overnight Oats","Finished Good","2019-Oct-31 03:15 AM","100.00%","","2019-Oct-28 11:30 PM","34-102919","RUN TO THE NUMBER","Closed","","","","","MSI Portage","7.00","2345.00000","0.00","0.00","0.00000","60481.00000","cups","60000.00000","60481.00000","-481.00000"
"1988304","2019-Oct-28 11:37 AM","Noosa","","","No","Yes","","","NOOSA-03-03","Noosa","Banana Peanut Blend","","Batch","2019-Nov-14 02:34 PM","100.00%","","","1988304","PLEASE DO NOT CHANGE ANYTHING ON THE BATCH QTY UNLESS DISCUSSED WITH SAMANTHA OR LYNN!!! MUST CALL BEFORE MODIFICATIONS!!!!!!!!!!!!! - SAY","Closed","","","","","MSI Portage","0.00","0.00000","0.00","0.00","0.00000","4740.00000","pounds","5210.00000","4740.00000","470.00000"
"1988265","2019-Oct-28 11:30 AM","Quaker","","","No","Yes","","","QUAKER-34-03","Quaker","Overnight Oats Unsweeted w/Chia Seeds Batch","","Bulk","2019-Oct-28 10:00 PM","100.00%","","2019-Oct-28 06:30 AM","34-03-102819","2 BATCHES","Closed","","","","","MSI Portage","0.00","0.00000","0.00","0.00","0.00000","1600.00000","pounds","1600.00000","1600.00000","0.00000"
"1987990","2019-Oct-28 10:00 AM","Phonomenal","2019-Nov-08 09:59 AM","","No","Yes","","","PHONOM-02WIPc","Phonomenal","Vegetable Blend Pouches","","WIP","2019-Nov-07 08:05 PM","100.00%","","","1987990","","Closed","1011","","","","MSI Portage","1.50","1750.00000","0.00","0.00","0.00000","129000.00000","pouches","100000.00000","129000.00000","-29000.00000"
"1987846","2019-Oct-28 08:20 AM","Olly","2019-Oct-28 08:20 AM","","No","Yes","Vitamin","","OLLY-90-12PK","Olly","700231.01 Bedtime Beauty 40ct - Medium","Medium","Finished Good","2019-Oct-29 06:15 AM","100.00%","","","1987846","","Closed","100839","","","","MSI Portage","8.00","994.00000","0.00","0.00","0.00000","16284.00000","bottles","16000.00000","16284.00000","-284.00000"
"1987599","2019-Oct-26 10:56 AM","Sundance Beverage Products","","","No","Yes","2oz Bottle","","SUNBEV-07","Sundance Beverage Products","#2186710 99 Cent Red Zone 48ct 2oz","","Finished Good","2019-Nov-20 03:00 PM","100.00%","","","07-6TH-NOVPO","RUN THE BATCH OUT","Closed","87022","","","","MSI Portage","7.00","4500.00000","0.00","0.00","0.00000","83136.00000","bottles","80016.00000","83136.00000","-3120.00000"
"1987598","2019-Oct-26 10:55 AM","Sundance Beverage Products","","","No","Yes","2oz Bottle","","SUNBEV-03","Sundance Beverage Products","#2186402 Red Zone 48ct 2oz","","Finished Good","2019-Nov-18 11:30 AM","100.00%","","","03-5TH-NOVPO","RUN TO THE NUMBER","Closed","87022","","","","MSI Portage","7.00","4500.00000","0.00","0.00","0.00000","48000.00000","bottles","48000.00000","48000.00000","0.00000"
"1987597","2019-Oct-26 10:42 AM","Sundance Beverage Products","","","No","Yes","2oz Bottle","","SUNBEV-25","Sundance Beverage Products","2186726 Tribute Extra Strength Cherry Lime 99 cent","","Finished Good","2019-Nov-15 04:55 PM","100.00%","","2019-Nov-08 06:30 AM","25-4TH-NOVPO","RUN THE BATCH OUT","Closed","87021","","","","MSI Portage","7.00","4500.00000","0.00","0.00","0.00000","153120.00000","bottles","128016.00000","153120.00000","-25104.00000"
"1987596","2019-Oct-26 10:41 AM","Sundance Beverage Products","","","No","Yes","2oz Bottle","","SUNBEV-26","Sundance Beverage Products","2186416 Tribute Extra Strength Cherry Lime No Price","","Finished Good","2019-Nov-08 12:40 PM","100.00%","","2019-Nov-06 06:30 AM","26-3RD-NOVPO","RUN TO THE NUMBER","Closed","87021","","","","MSI Portage","7.00","4500.00000","0.00","0.00","0.00000","108768.00000","bottles","128016.00000","108768.00000","19248.00000"
"1987592","2019-Oct-26 10:00 AM","RX Bar","","","No","Yes","","","RXBAR-01","RX Bar","RXT001 Apple Cinnamon Oatmeal Cup 12Ct","","Finished Good","2019-Dec-05 07:00 AM","100.00%","","","01-5TH-NOVPO","RUN TO THE NUMBER","Closed","5928","","","","MSI Portage","7.00","2181.25000","0.00","0.00","0.00000","250605.00000","cups","249996.00000","250605.00000","-609.00000"
"1987591","2019-Oct-26 09:58 AM","RX Bar","","","No","Yes","","","RXBAR-01A","RX Bar","RXT303 Apple Cinnamon & Maple Oatmeal Cup 8Ct Costco","","Finished Good","2019-Nov-22 05:30 AM","100.00%","","","01A-4TH-NOVPO","RUN TO THE NUMBER","Closed","5929","","","","MSI Portage","9.00","2196.00000","0.00","0.00","0.00000","20455.97300","cases","21600.00000","20455.97300","1144.02700"
"1987543","2019-Oct-25 08:27 PM","Mars / Wrigley","2019-Oct-26 03:00 PM","","No","Yes","Gum","","MARS-12","Mars / Wrigley","10185139 JF Mixies Canadian Fridge Pack 40pc - 24ct","","Finished Good","2019-Oct-26 11:15 PM","100.00%","2019-Oct-26 03:00 PM","2019-Oct-25 03:00 PM","1987543","","Closed","","","","","MSI Portage","9.00","3000.00000","0.00","0.00","0.00000","12000.00000","bottles","16800.00000","12000.00000","4800.00000"
"1987473","2019-Oct-25 03:18 PM","Mars / Wrigley","2019-Oct-27 11:00 PM","","No","No","Gum","","MARS-LRW","Mars / Wrigley","Mars Labor Rework","","Finished Good","2019-Nov-09 05:00 PM","100.00%","2019-Oct-27 11:00 PM","2019-Oct-25 03:00 PM","1987473","REWORK - #10202904 Truffles MC VAL 12ct - (Originally packed into Dark Chocolate shippers) Repack into Milk Chocolate Shippers","Closed","","","","","MSI Portage","0.00","0.00000","0.00","0.00","0.00000","0.00000","bottles","1020.00000","0.00000","1020.00000"
"1987470","2019-Oct-25 03:08 PM","Phonomenal","","","No","No","Cups","","PHONOM-LRW","Phonomenal","Phonomenal General Rework","","Finished Good","","100.00%","","","1987470","REWORK FOR VEGGIE POUCHES -

WEIGHT MEDIUM ORLANDI BOX WITH LINER TO GET TEAR WEIGHT >
CUT OFF THE TOP OF THE BAG WITH SCISSORS >
IN A MEDIUM ORLANDI BOX LINED PLACE SCREEN ON TOP OF BOX > 
DUMP ONTO SCREEN AND SIFTS INTO BOX >
WHEN BOX IS FULL, PLEASE WEIGHT THE CONTENTS > 
LABEL AND PACK","Booked","","","","","MSI Portage","0.00","0.00000","0.00","0.00","0.00000","0.00000","cups","1.00000","0.00000","1.00000"
"1987467","2019-Oct-25 03:00 PM","RX Bar","","","No","Yes","","","RXBAR-03-WIP","RX Bar","RXT009 Maple Oats Cup WIP","","Finished Good","2019-Nov-19 06:00 AM","100.00%","","","03WIP-3RD-NOVPO","RUN TO THE NUMBER ONLY","Closed","5929","","","","MSI Portage","8.00","2128.00000","0.00","0.00","0.00000","89719.00000","cups","86400.00000","89719.00000","-3319.00000"
"1987466","2019-Oct-25 03:00 PM","Mars / Wrigley","2019-Oct-27 11:00 PM","","No","No","Gum","","MARS-LRW","Mars / Wrigley","Mars Labor Rework","","Finished Good","","100.00%","2019-Oct-27 11:00 PM","2019-Oct-25 03:00 PM","1987466","REWORK - MC XMAS 12ct - Label over lot code then recode with correct code","Closed","","","","","MSI Portage","0.00","0.00000","0.00","0.00","0.00000","0.00000","bottles","320.00000","0.00000","320.00000"
"1987465","2019-Oct-25 02:58 PM","RX Bar","","","No","Yes","","","RXBAR-03","RX Bar","RXT009 Maple Oats Cup 12ct","","Finished Good","2019-Nov-13 10:50 AM","100.00%","","","03-2ND-NOVPO","RUN TO THE NUMBER ONLY","Closed","5928","","","","MSI Portage","7.00","2181.25000","0.00","0.00","0.00000","250047.00000","cups","249996.00000","250047.00000","-51.00000"
"1987458","2019-Oct-25 02:45 PM","RX Bar","","","No","Yes","","","RXBAR-02","RX Bar","RXT006 Chocolate Oatmeal Cup 12ct","","Finished Good","2019-Oct-31 12:45 AM","100.00%","","2019-Oct-28 06:30 AM","02-1st-NOVPO","RUN TO THE NUMBER ONLY","Closed","5928","","","","MSI Portage","7.00","2181.25000","0.00","0.00","0.00000","50673.00000","cups","50004.00000","50673.00000","-669.00000"
"1987322","2019-Oct-25 12:57 PM","Hometown Foods","2019-Oct-30 06:00 AM","","No","Yes","Lids","","HTFOODS-04","Hometown Foods","250069 Rainbow Pastel FF Lids","","Finished Good","2019-Oct-31 11:15 PM","100.00%","2019-Oct-30 06:00 AM","2019-Oct-25 06:00 AM","1987322","PLEASE RUN TO THE NUMBER - OK TO RUN OUT THE HOPPER","Closed","","","","","MSI Portage","3.00","2790.00000","0.00","0.00","0.00000","280875.00000","lids","277625.00000","280875.00000","-3250.00000"
"1986534","2019-Oct-25 07:56 AM","Mars / Wrigley","2019-Nov-01 09:44 AM","","No","Yes","Gum","","MARS-01","Mars / Wrigley","10194013 Eclipse Spearmint Eiffel 120pc - 24ct","","Finished Good","2019-Nov-08 03:00 PM","100.00%","2019-Nov-01 09:44 AM","2019-Oct-28 09:45 AM","1986534","RUN OUT THE GUM!","Closed","","","","","MSI Portage","10.00","2880.00000","0.00","0.00","0.00000","137232.00000","bottles","120768.00000","137232.00000","-16464.00000"
"1986074","2019-Oct-24 02:31 PM","Olly","2019-Oct-24 02:30 PM","","No","Yes","Vitamin","","OLLY-112-12PK","Olly","700269.01 Collagen Rings 30ct - Large","Large","Finished Good","2019-Oct-28 01:52 PM","100.00%","","","1986074","","Closed","100839","","","","MSI Portage","8.00","993.00000","0.00","0.00","0.00000","6096.00000","bottles","50000.00000","6096.00000","43904.00000"
"1985645","2019-Oct-24 10:50 AM","Morton Salt","","","No","Yes","Grinders","","MORTON-06","Morton Salt","#F180000000B Windsor Peppercorn Glass Grinders","Grinders","Finished Good","2019-Nov-11 12:00 PM","100.00%","","2019-Nov-11 06:30 AM","06-4th-NOVPO","RUN TO THE NUMBER","Closed","6702224448","","","","MSI Portage","6.00","1500.00000","0.00","0.00","0.00000","25596.00000","grinders","25344.00000","25596.00000","-252.00000"
"1985643","2019-Oct-24 10:48 AM","Morton Salt","","","No","Yes","Grinders","","MORTON-03","Morton Salt","F111840000B Peppercorn Glass Grinders","Grinders","Finished Good","2019-Nov-08 10:00 AM","100.00%","","2019-Nov-04 06:30 AM","03-3rd-NOVPO","RUN TO THE NUMBER ONLY","Closed","6702224441","","","","MSI Portage","9.00","1854.00000","0.00","0.00","0.00000","89268.00000","grinders","88764.00000","89268.00000","-504.00000"
"1985642","2019-Oct-24 10:46 AM","Morton Salt","","","No","Yes","Grinders","","MORTON-01A","Morton Salt","F111800000B Sea Salt Glass Grinders","Grinders","Finished Good","2019-Oct-31 03:00 PM","100.00%","","2019-Oct-28 06:30 AM","01a-2nd-NOVPO","RUN TO THE NUMBER ONLY!!!","Closed","6702224443","","","","MSI Portage","6.00","1500.00000","0.00","0.00","0.00000","79548.00000","grinders","79200.00000","79548.00000","-348.00000"
"1985382","2019-Oct-24 07:54 AM","Olly","2019-Oct-24 07:50 AM","","No","Yes","Vitamin","","OLLY-02-BP","Olly","700137.01 Beauty 72ct - Bonus Pack","Bonus Pack","Finished Good","2019-Oct-29 01:56 PM","100.00%","","","1985382","","Closed","100839","","","","MSI Portage","8.00","889.13000","0.00","0.00","0.00000","27324.00000","bottles","54000.00000","27324.00000","26676.00000"
"1984315","2019-Oct-23 01:57 PM","Olly","2019-Oct-23 01:55 PM","","No","Yes","Vitamin","","OLLY-50-12PK","Olly","700075.01 Goodbye Stress 42ct - Medium","Medium","Finished Good","2019-Oct-25 09:30 AM","100.00%","","","1984315","","Closed","100839","","","","MSI Portage","8.00","957.25000","0.00","0.00","0.00000","29964.00000","bottles","35000.00000","29964.00000","5036.00000"
"1984300","2019-Oct-23 01:36 PM","Olly","2019-Oct-23 01:35 PM","","No","Yes","Vitamin","","OLLY-90-SPH","Olly","700268.01 Bedtime Beauty Sephora 40ct - Medium","Medium","Finished Good","2019-Oct-28 11:00 AM","100.00%","","","1984300","","Closed","100839","","","","MSI Portage","8.00","994.00000","0.00","0.00","0.00000","20880.00000","bottles","20000.00000","20880.00000","-880.00000"
"1984286","2019-Oct-23 01:16 PM","Noosa","2019-Nov-29 01:19 PM","","No","No","","","NOOSA-10","Noosa","I000927 Lemon Tart Mates Topper","","Finished Good","","100.00%","","","1984286","","Closed","PO33882","","","","MSI Portage","3.50","3000.00000","0.00","0.00","0.00000","","lids","50000.00000","0.00000","50000.00000"
"1984275","2019-Oct-23 01:06 PM","Noosa","2019-Nov-29 01:06 PM","","No","Yes","","","NOOSA-06","Noosa","I000840 Mate Topper Salted Caramel Chocolate","","Finished Good","2019-Nov-07 03:24 PM","100.00%","","","1984275","","Closed","PO33882","","","","MSI Portage","3.50","3273.00000","0.00","0.00","0.00000","50660.00000","lids","50000.00000","50660.00000","-660.00000"
"1984271","2019-Oct-23 01:03 PM","Noosa","2019-Nov-29 01:02 PM","","No","Yes","","","NOOSA-11","Noosa","I000926 Cookies and Cream Mates Topper","","Finished Good","2019-Nov-26 03:30 PM","100.00%","","","1984271","Closed Oct PO 18,240 short added to Nov PO per Masso","Closed","PO33882","","","","MSI Portage","3.50","3000.00000","0.00","0.00","0.00000","62900.00000","lids","118240.00000","62900.00000","55340.00000"
"1984266","2019-Oct-23 01:02 PM","Noosa","2019-Nov-29 01:01 PM","","No","Yes","","","NOOSA-08","Noosa","I000841 Mate Topper Coffee Chocolate","","Finished Good","2019-Nov-12 10:22 AM","100.00%","","","1984266","","Closed","PO33882","","","","MSI Portage","3.50","3000.00000","0.00","0.00","0.00000","18700.00000","lids","50000.00000","18700.00000","31300.00000"
"1984264","2019-Oct-23 01:01 PM","Noosa","2019-Nov-29 01:01 PM","","No","Yes","","","NOOSA-04","Noosa","1000789 Mate Topper Coconut Almond Chocolate","","Finished Good","2019-Nov-27 10:42 AM","100.00%","","","1984264","","Closed","PO33882","","","","MSI Portage","4.00","3428.00000","0.00","0.00","0.00000","168640.00000","lids","375000.00000","168640.00000","206360.00000"
"1984263","2019-Oct-23 01:00 PM","Noosa","2019-Nov-29 12:59 PM","","No","Yes","","","NOOSA-03","Noosa","I000786 Mate Topper Banana Chocolate Peanut","","Finished Good","2019-Nov-18 03:00 PM","100.00%","","","1984263","Closed Oct PO adding 76,420 to Nov PO per Masso","Closed","PO33882","","","","MSI Portage","3.50","3000.00000","0.00","0.00","0.00000","219980.00000","lids","186420.00000","219980.00000","-33560.00000"
"1984257","2019-Oct-23 12:55 PM","Olly","2019-Oct-23 12:55 PM","","No","Yes","Vitamin","","OLLY-14-12PK","Olly","700073.01 Sleep Blackberry 50ct - Medium","Medium","Finished Good","2019-Nov-01 01:30 AM","100.00%","","","1984257","","Closed","100839","","","","MSI Portage","8.00","989.25000","0.00","0.00","0.00000","131988.00000","bottles","210000.00000","131988.00000","78012.00000"
"1984164","2019-Oct-23 11:48 AM","Mars / Wrigley","2019-Oct-24 03:00 PM","","No","Yes","Candy","","MARS-17B","Mars / Wrigley","10199875 Dove Truffles Milk Chocolate 4ct.","","Finished Good","2019-Oct-25 03:00 PM","100.00%","2019-Oct-24 03:00 PM","2019-Oct-23 03:00 PM","1984164","","Closed","","","","","MSI Portage","10.50","2310.00000","0.00","0.00","0.00000","22224.00000","bags","33600.00000","22224.00000","11376.00000"
"1984151","2019-Oct-23 11:38 AM","Mars / Wrigley","2019-Oct-24 11:00 PM","","No","Yes","Gum","","MARS-13","Mars / Wrigley","10195399 JF Mixies US 40pc - 16ct","","Finished Good","2019-Oct-25 10:15 PM","100.00%","2019-Oct-24 11:00 PM","2019-Oct-23 06:00 AM","1984151","","Closed","","","","","MSI Portage","9.00","3000.00000","0.00","0.00","0.00000","20144.00000","bottles","32000.00000","20144.00000","11856.00000"
"1984084","2019-Oct-23 11:08 AM","Vital Proteins","2019-Nov-01 03:00 PM","","No","Yes","","","VITPRO-02-6PK","Vital Proteins","CP10T Collagen Peptides 10 oz. - 6 Pack","","Finished Good","2019-Nov-01 03:15 PM","100.00%","","","1984084","","Closed","9823A","","","","MSI Portage","9.50","1065.00000","0.00","0.00","0.00000","30254.00000","canisters","45000.00000","30254.00000","14746.00000"
"1981979","2019-Oct-22 08:05 AM","Olly","2019-Oct-22 08:05 AM","","No","Yes","Vitamin","","OLLY-111-12PK","Olly","700263.01 Kids Multi Worms 70ct - Large","Large","Finished Good","2019-Oct-25 08:56 AM","100.00%","","","1981979","Keep an eye on bottle labels","Closed","100839","","","","MSI Portage","8.00","900.00000","0.00","0.00","0.00000","26136.00000","bottles","24000.00000","26136.00000","-2136.00000"
"1980763","2019-Oct-21 01:17 PM","Mars / Wrigley","2019-Oct-23 12:00 AM","","No","Yes","Gum","","MARS-11","Mars / Wrigley","#10192463 JF Mixies US Fridge Pack 40pc - 24ct","","Finished Good","2019-Oct-24 12:00 AM","100.00%","","","1980763","","Closed","","","","","MSI Portage","9.00","3000.00000","0.00","0.00","0.00000","16872.00000","bottles","16800.00000","16872.00000","-72.00000"
"1980753","2019-Oct-21 01:11 PM","The Clorox Company","2019-Dec-13 01:11 PM","","No","Yes","Solid Food","","CLOROX-06-03a","The Clorox Company","Bacon Crispins Batch (Palm Oil)","","Batch","2019-Dec-12 02:43 PM","100.00%","2019-Dec-12 03:00 PM","2019-Dec-11 06:30 AM","1980753","","Closed","","","","","MSI Portage","1.00","487.20000","0.00","0.00","0.00000","3912.00000","pounds","3990.00000","3912.00000","78.00000"
"1980751","2019-Oct-21 01:10 PM","The Clorox Company","2019-Dec-13 01:10 PM","","No","Yes","Solid Food","","CLOROX-06","The Clorox Company","#20065 Bacon Crispins","","Finished Good","2019-Dec-13 12:02 PM","100.00%","2019-Dec-12 03:00 PM","2019-Dec-11 06:30 AM","1980751","","Closed","","","","","MSI Portage","8.00","2328.00000","0.00","0.00","0.00000","22206.00000","canisters","19656.00000","22206.00000","-2550.00000"
"1980750","2019-Oct-21 01:10 PM","The Clorox Company","2019-Dec-13 01:09 PM","","No","Yes","Solid Food","","CLOROX-07-03a","The Clorox Company","Italian Crispins Batch (Palm Oil Croutons)","","Batch","2019-Dec-10 03:00 PM","100.00%","2019-Dec-10 03:00 PM","2019-Dec-09 06:30 AM","1980750","","Closed","","","","","MSI Portage","1.00","459.30000","0.00","0.00","0.00000","4001.14000","pounds","4043.00000","4001.14000","41.86000"
"1980748","2019-Oct-21 01:09 PM","Mars / Wrigley","2019-Oct-23 12:00 AM","","No","Yes","Gum","","MARS-11-03","Mars / Wrigley","Juicy Fruit Mixies Gum Mixing","","Bulk","2019-Oct-22 06:20 PM","100.00%","2019-Oct-25 12:00 AM","2019-Oct-21 03:00 PM","1980748","","Closed","","","","","MSI Portage","0.00","0.00000","0.00","0.00","0.00000","3625.00000","kilograms","4500.00000","3625.00000","875.00000"
"1980746","2019-Oct-21 01:08 PM","The Clorox Company","2019-Dec-13 01:08 PM","","No","Yes","Solid Food","","CLOROX-07","The Clorox Company","#20066 Italian Crispins","","Finished Good","2019-Dec-11 11:37 AM","100.00%","2019-Dec-10 03:00 PM","2019-Dec-09 06:30 AM","1980746","","Closed","","","","","MSI Portage","8.00","2328.00000","0.00","0.00","0.00000","22110.00000","canisters","21126.00000","22110.00000","-984.00000"
"1980678","2019-Oct-21 12:51 PM","Olly","2019-Oct-21 12:50 PM","","No","Yes","Pouches","","OLLY-116","Olly","700265.01 Sephora Goodbye Stress 10Ct. Travel Pack","","Finished Good","2019-Oct-28 04:40 PM","100.00%","","","1980678","","Closed","100839","","","","MSI Portage","4.00","760.00000","0.00","0.00","0.00000","22392.00000","pouches","17500.00000","22392.00000","-4892.00000"
"1980248","2019-Oct-21 11:54 AM","Sundance Beverage Products","","","No","Yes","Liquid","","SUNBEV-15-03","Sundance Beverage Products","C.Y.P.X Batch","Sundance - Dietary Supplements","Batch","2019-Nov-05 01:00 PM","100.00%","","","15-03-102119","3 BATCHES","Closed","","","","","MSI Portage","1.00","125.00000","0.00","0.00","0.00000","12598.90000","pounds","1500.00000","12598.90000","-11098.90000"
"1980228","2019-Oct-21 11:36 AM","Sundance Beverage Products","","","No","Yes","2oz Bottle","","SUNBEV-15","Sundance Beverage Products","#2186724 99 Cent C.Y.P.X 2oz","","Finished Good","2019-Nov-06 09:35 AM","100.00%","","2019-Nov-04 03:30 PM","15-2nd-OCTPO","RUN THE BATCHING OUT","Closed","86847","","","","MSI Portage","7.00","4500.00000","0.00","0.00","0.00000","90720.00000","bottles","86400.00000","90720.00000","-4320.00000"
"1980223","2019-Oct-21 11:17 AM","Sundance Beverage Products","","","No","Yes","2oz Bottle","","SUNBEV-14","Sundance Beverage Products","#2186414 C.Y.P.X 2oz","","Finished Good","2019-Nov-04 11:30 AM","100.00%","","2019-Nov-04 06:30 AM","14-1st-OCTPO","RUN TO THE NUMBER","Closed","86847","","","","MSI Portage","7.00","4500.00000","0.00","0.00","0.00000","9600.00000","bottles","9600.00000","9600.00000","0.00000"
"1980167","2019-Oct-21 10:43 AM","Phonomenal","2019-Nov-01 12:00 AM","","No","Yes","","","PHONOM-02WIPe","Phonomenal","Beef Stock Pouches","","WIP","2019-Nov-06 11:49 PM","100.00%","","","1980167","","Closed","1011","","","","MSI Portage","1.50","1750.00000","0.00","0.00","0.00000","102800.00000","pouches","100000.00000","102800.00000","-2800.00000"
"1980155","2019-Oct-21 10:32 AM","Phonomenal","2019-Oct-25 03:00 PM","","No","Yes","","","PHONOM-01-TRAY","Phonomenal","601 Finished 2.1oz Beef Bowl 6ct Tray","","Finished Good","2019-Nov-06 01:30 AM","100.00%","","","1980155","","Closed","1011","","","","MSI Portage","5.50","1396.00000","0.00","0.00","0.00000","69378.00000","cups","81000.00000","69378.00000","11622.00000"
"1980144","2019-Oct-21 10:21 AM","Olly","2019-Oct-21 10:20 AM","","No","Yes","Vitamin","","OLLY-49-BP","Olly","700201.01 Daily Energy 72ct - Bonus Pack","Bonus Pack","Finished Good","2019-Oct-24 07:00 AM","100.00%","","","1980144","","Closed","100839","","","","MSI Portage","8.00","890.00000","0.00","0.00","0.00000","50748.00000","bottles","52000.00000","50748.00000","1252.00000"
"1979868","2019-Oct-21 08:10 AM","Olly","2019-Oct-21 08:10 AM","","No","Yes","Vitamin","","OLLY-04-BP","Olly","700134.01 Women's Multi Berry 108ct - Bonus Pack","Bonus Pack","Finished Good","2019-Oct-29 06:45 PM","100.00%","","","1979868","","Closed","100839","","","","MSI Portage","8.00","1500.00000","0.00","0.00","0.00000","105744.00000","bottles","110000.00000","105744.00000","4256.00000"
"1979676","2019-Oct-20 06:09 AM","Unilever","2019-Oct-25 06:09 AM","","No","Yes","Bottles","","UNILEV-05","Unilever","#67664156 Hellmans Olive Oil Mayo Sqz 6/5.75 oz","","Finished Good","2019-Oct-25 03:00 PM","100.00%","2019-Oct-25 06:10 AM","2019-Oct-24 06:10 AM","1979676","","Closed","4503462375","","","","MSI Portage","0.00","0.00000","0.00","0.00","0.00000","56304.00000","bottles","54000.00000","56304.00000","-2304.00000"
"1979675","2019-Oct-20 06:06 AM","Unilever","2019-Oct-23 06:07 AM","","No","Yes","Bottles","","UNILEV-01","Unilever","84170592 Hellmans Real Mayo Sqz 6/5.75 oz","","Finished Good","2019-Oct-23 03:00 PM","100.00%","2019-Oct-23 06:07 AM","2019-Oct-23 06:07 AM","1979675","","Closed","4503462375","","","","MSI Portage","10.00","3750.00000","0.00","0.00","0.00000","33366.00000","bottles","33000.00000","33366.00000","-366.00000"
"1979420","2019-Oct-18 01:14 PM","Olly","2019-Oct-18 01:10 PM","","No","Yes","Vitamin","","OLLY-07-12PK","Olly","700066.01 Men's Multi Blackberry 90ct - Large","Large","Finished Good","2019-Oct-22 03:00 PM","100.00%","","","1979420","","Closed","100839","","","","MSI Portage","8.00","800.50000","0.00","0.00","0.00000","23508.00000","bottles","30000.00000","23508.00000","6492.00000"
"1979402","2019-Oct-18 01:06 PM","Olly","2019-Oct-18 01:05 PM","","No","Yes","Vitamin","","OLLY-40-12PK","Olly","700072.01 Glowing Skin Berry 50ct - Medium","Medium","Finished Good","2019-Oct-23 04:15 PM","100.00%","","","1979402","","Closed","100839","","","","MSI Portage","8.00","957.25000","0.00","0.00","0.00000","44004.00000","bottles","44000.00000","44004.00000","-4.00000"
"1978648","2019-Oct-18 07:51 AM","Kraft/Heinz","","","No","Yes","Lids","","KRAFT-04","Kraft/Heinz","5535853 Reese's Peanut Butter Bits Overcap","","Finished Good","2019-Oct-18 03:00 PM","100.00%","","2019-Oct-18 06:30 AM","04-3RD-TRIAL101819","***PEANUT ALLERGEN- MUST RUN LAST***
HANDFILL
NITROGEN REQUIRED","Closed","","","","","MSI Portage","7.00","5725.00000","0.00","0.00","0.00000","218.00000","lids","250.00000","218.00000","32.00000"
"1978646","2019-Oct-18 07:50 AM","Kraft/Heinz","","","No","Yes","Lids","","KRAFT-02","Kraft/Heinz","5535863 Kit Kat Bits Overcap","","Finished Good","2019-Oct-18 02:15 PM","100.00%","","2019-Oct-18 06:30 AM","02-2ND-TRIAL101819","HANDFILL
NITROGEN REQUIRED","Closed","","","","","MSI Portage","7.00","5725.00000","0.00","0.00","0.00000","121.00000","lids","150.00000","121.00000","29.00000"
"1978644","2019-Oct-18 07:49 AM","Kraft/Heinz","","","No","Yes","Lids","","KRAFT-06","Kraft/Heinz","Oreo Crumb Twisters Overcap","","Finished Good","2019-Oct-18 01:00 PM","100.00%","","2019-Oct-18 06:30 AM","06-1ST-TRIAL101819","SCALE FILL
NITROGEN REQUIRED","Closed","","","","","MSI Portage","7.00","5725.00000","0.00","0.00","0.00000","5200.00000","lids","5000.00000","5200.00000","-200.00000"
"1978640","2019-Oct-18 07:39 AM","Mars / Wrigley","2019-Oct-21 06:00 AM","","No","Yes","Gum","","MARS-06","Mars / Wrigley","10195957 Extra Tropical 40pc - 24ct","Extra","Finished Good","2019-Oct-31 09:45 AM","100.00%","2019-Oct-21 06:00 AM","2019-Oct-18 06:00 AM","1978640","","Closed","","","","","MSI Portage","11.00","8500.00000","0.00","0.00","0.00000","259656.00000","bottles","185000.00000","259656.00000","-74656.00000"
"1978638","2019-Oct-18 07:36 AM","Olly","2019-Oct-18 07:35 AM","","No","Yes","Vitamin","","OLLY-78HSC","Olly","700185.01 Olly Sleep 110 Ct. Club Tray HSC","","Finished Good","2019-Oct-23 01:10 PM","100.00%","","","1978638","","Closed","100839","","","","MSI Portage","8.00","588.00000","0.00","0.00","0.00000","27615.00000","bottles","44000.00000","27615.00000","16385.00000"
"1978025","2019-Oct-17 10:57 AM","Vital Proteins","2019-Oct-25 10:55 AM","","No","Yes","Bottles","","VITPRO-06A","Vital Proteins","WATRL12U4PKTBX Collagen Water (Original) 12oz Target Beauty, 4 Pack","","Finished Good","2019-Nov-01 09:48 AM","100.00%","","","1978025","","Closed","9984A","","","","MSI Portage","0.00","0.00000","0.00","0.00","0.00000","9604.00000","cartons","10160.00000","9604.00000","556.00000"
"1978018","2019-Oct-17 10:52 AM","Vital Proteins","2019-Oct-25 10:52 AM","","No","Yes","Bottles","","VITPRO-08A","Vital Proteins","WATBM12U4PKTBX Collagen Water (Blueberry Mint) 12oz Target Beauty, 4 Pack","","Finished Good","2019-Oct-29 09:45 PM","100.00%","","","1978018","","Closed","9984A","","","","MSI Portage","8.50","304.25000","0.00","0.00","0.00000","4204.00000","cartons","4160.00000","4204.00000","-44.00000"
"1977488","2019-Oct-17 10:39 AM","Vital Proteins","2019-Oct-25 10:32 AM","","No","Yes","Bottles","","VITPRO-10A","Vital Proteins","WATSL12U4PKTBX Collagen Water (Strawberry Lemon) 12oz Target Beauty, 4 Pack","","Finished Good","2019-Oct-29 11:00 AM","100.00%","","","1977488","","Closed","9984A","","","","MSI Portage","8.50","304.25000","0.00","0.00","0.00000","4788.00000","cartons","5600.00000","4788.00000","812.00000"
"1977084","2019-Oct-17 08:06 AM","Olly","2019-Oct-17 08:05 AM","","No","Yes","Vitamin","","OLLY-07-BP","Olly","#700135.01 Olly Men's Multi 108ct - Bonus Pack","Bonus Pack","Finished Good","2019-Oct-18 02:31 PM","100.00%","","","1977084","","Closed","100839","","","","MSI Portage","8.00","588.00000","0.00","0.00","0.00000","16080.00000","bottles","15000.00000","16080.00000","-1080.00000"
"1976814","2019-Oct-16 04:29 PM","Hometown Foods","2019-Nov-02 03:00 PM","","No","Yes","Lids","","HTFOODS-13","Hometown Foods","250066 Valentine Lids","","Finished Good","2019-Oct-29 03:00 PM","100.00%","2019-Nov-02 01:14 PM","2019-Oct-16 01:14 PM","1976814","RUN OUT THE CANDY - ONLY ENOUGH TO MAKE 88K LIDS","Closed","","","","","MSI Portage","3.00","2906.00000","0.00","0.00","0.00000","197925.00000","lids","175000.00000","197925.00000","-22925.00000"
"1976813","2019-Oct-16 04:26 PM","Mars / Wrigley","2019-Oct-18 03:00 PM","","No","Yes","Candy","","MARS-25A","Mars / Wrigley","10209313 Dove Truffles Milk Choc Valentines 6ct. Ready Retail","","Finished Good","2019-Nov-21 01:00 PM","100.00%","2019-Oct-18 03:00 PM","2019-Oct-16 03:00 PM","1ST PRIORITY VALENTINES","AFTER HITTING CURRENT PRODUCTION NUMBER, FINISH ON A FULL PALLET, RECONCILE
GO TO VALENTINES 12 CT

ORIGINAL PRODUCTION NUMBER WAS 72,000","Closed","","","","","MSI Portage","8.50","2315.12500","0.00","0.00","0.00000","75642.00000","bags","75414.00000","75642.00000","-228.00000"
"1976806","2019-Oct-16 04:03 PM","Nestle Purina Pet Care Co.","","","No","Yes","Solid Food","","PURINA-37","Nestle Purina Pet Care Co.","12431890 Pro Plan Focus WM Adult Dog Food","","Finished Good","2019-Oct-30 11:26 AM","100.00%","","2019-Oct-17 06:30 AM","37-101719","","Closed","4561523497","","","","MSI Portage","0.00","0.00000","0.00","0.00","0.00000","4883.00000","cases","5000.00000","4883.00000","117.00000"
"1976716","2019-Oct-16 02:46 PM","Unilever","2019-Oct-22 02:49 PM","","No","Yes","Bottles","","UNILEV-02","Unilever","84170593 Best Foods Real Mayo Sqz 6/5.75 oz","","Finished Good","2019-Oct-22 03:00 PM","100.00%","2019-Oct-22 02:49 PM","2019-Oct-21 02:49 PM","1976716","","Closed","4503462375","","","","MSI Portage","5.00","1875.00000","0.00","0.00","0.00000","67116.00000","bottles","66000.00000","67116.00000","-1116.00000"
"1976616","2019-Oct-16 01:38 PM","Olly","2019-Oct-16 01:35 PM","","No","Yes","Vitamin","","OLLY-49-12PK","Olly","700056.01 Daily Energy 60ct - Medium","Medium","Finished Good","2019-Oct-21 05:45 PM","100.00%","","","1976616","you will run out labels","Closed","100839","","","","MSI Portage","8.00","890.00000","0.00","0.00","0.00000","36084.00000","bottles","36000.00000","36084.00000","-84.00000"
"1976136","2019-Oct-16 10:10 AM","Vital Proteins","2019-Oct-25 03:00 PM","","No","Yes","","","VITPRO-02-4PK","Vital Proteins","CP10X Collagen Peptides 10 oz. - 4 Pack","","Finished Good","2019-Oct-25 03:15 PM","100.00%","","","1976136","","Closed","9823A","","","","MSI Portage","9.50","1065.00000","0.00","0.00","0.00000","33466.00000","canisters","50000.00000","33466.00000","16534.00000"
"1975831","2019-Oct-15 08:30 PM","Hometown Foods","2019-Oct-22 03:30 PM","","No","Yes","Lids","","HTFOODS-07","Hometown Foods","250068 Kelly Green Mix FF Lids","","Finished Good","2019-Oct-23 07:25 PM","100.00%","2019-Oct-22 03:33 PM","2019-Oct-16 08:33 PM","1975831","RUN OUT THE CANDY!!!!","Closed","","","","","MSI Portage","3.00","2790.00000","0.00","0.00","0.00000","116025.00000","lids","118000.00000","116025.00000","1975.00000"
"1975828","2019-Oct-15 08:19 PM","Hometown Foods","2019-Oct-22 08:18 PM","","No","Yes","Lids","","HTFOODS-06","Hometown Foods","250073 Purple Mix FF Lids","","Finished Good","2019-Oct-25 02:00 PM","100.00%","2019-Oct-22 08:25 PM","2019-Oct-16 08:25 PM","1975828","RUN OUT THE CANDY!!!!","Closed","","","","","MSI Portage","3.00","2790.00000","0.00","0.00","0.00000","113400.00000","lids","124000.00000","113400.00000","10600.00000"
"1975827","2019-Oct-15 08:12 PM","Hometown Foods","2019-Oct-31 08:11 PM","","No","Yes","","","HTFOODS-29","Hometown Foods","5150008001 Chocolate Pastry Bag","","Finished Good","2019-Oct-29 11:30 AM","100.00%","2019-Oct-31 08:14 PM","2019-Oct-28 08:14 PM","1975827","","Closed","","","","","MSI Portage","7.50","1725.00000","0.00","0.00","0.00000","30216.00000","bags","39000.00000","30216.00000","8784.00000"
"1975826","2019-Oct-15 08:06 PM","Hometown Foods","2019-Nov-09 08:09 PM","","No","Yes","","","HTFOODS-30","Hometown Foods","5150008023 Strawberry Pastry Bag","","Finished Good","2019-Nov-15 12:00 AM","100.00%","2019-Nov-09 08:09 PM","2019-Nov-07 08:09 PM","1975826","","Closed","","","","","MSI Portage","7.50","1200.00000","0.00","0.00","0.00000","32082.00000","eaches","31200.00000","32082.00000","-882.00000"
"1975825","2019-Oct-15 08:01 PM","Hometown Foods","2019-Oct-23 08:00 PM","","No","Yes","","","HTFOODS-26","Hometown Foods","5150008002 Cream Cheese Pastry Bag","","Finished Good","2019-Oct-26 12:45 AM","100.00%","2019-Oct-23 08:01 PM","2019-Oct-21 08:01 PM","1975825","RUN OUT THE FROSTING","Closed","","","","","MSI Portage","8.00","1840.00000","0.00","0.00","0.00000","27912.00000","bags","39000.00000","27912.00000","11088.00000"
"1975673","2019-Oct-15 03:12 PM","Olly","2019-Oct-15 03:10 PM","","No","Yes","Vitamin","","OLLY-102-12PK","Olly","700252.01 Active Immunity Citrus 45ct - Medium","Medium","Finished Good","2019-Oct-18 01:05 PM","100.00%","","","1975673","will probably run out of labels first","Closed","100839","","","","MSI Portage","8.00","957.25000","0.00","0.00","0.00000","31992.00000","bottles","34500.00000","31992.00000","2508.00000"
"1975672","2019-Oct-15 03:11 PM","Hometown Foods","2019-Oct-16 03:03 PM","","No","Yes","Lids","","HTFOODS-02","Hometown Foods","210984 Unicorn FF Lids","","Finished Good","2019-Nov-05 07:00 AM","100.00%","","","1975672","HTFOODS-02-03
16598 Unicorn Candy Blend - Bulk - RUN OUT THE CANDY!!!","Closed","","","","","MSI Portage","3.00","2790.00000","0.00","0.00","0.00000","131775.00000","lids","125000.00000","131775.00000","-6775.00000"
"1975642","2019-Oct-15 02:59 PM","Olly","2019-Oct-15 02:55 PM","","No","Yes","Vitamin","","OLLY-64A-12PK","Olly","700069.01 Probiotic Bramble Berry 80 Ct. (Fla) - Tallboy","","Finished Good","2019-Oct-21 09:40 AM","100.00%","","","1975642","","Closed","100839","","","","MSI Portage","8.00","800.50000","0.00","0.00","0.00000","28176.00000","bottles","28000.00000","28176.00000","-176.00000"
"1975627","2019-Oct-15 02:47 PM","Olly","2019-Oct-15 02:45 PM","","No","Yes","Vitamin","","OLLY-50-SPH","Olly","700267.01 Sephora Goodbye Stress 42ct - Medium","Medium","Finished Good","2019-Oct-16 11:00 PM","100.00%","","","1975627","","Closed","100839","","","","MSI Portage","8.00","957.25000","0.00","0.00","0.00000","20040.00000","bottles","20000.00000","20040.00000","-40.00000"
"1975578","2019-Oct-15 02:27 PM","Olly","2019-Oct-15 02:25 PM","","No","Yes","Vitamin","","OLLY-67-12PK","Olly","700059.01 Girl Multi Berry Melon 70ct - Large","Large","Finished Good","2019-Oct-17 09:38 AM","100.00%","","","1975578","","Closed","100839","","","","MSI Portage","8.00","889.25000","0.00","0.00","0.00000","16656.00000","bottles","20000.00000","16656.00000","3344.00000"
"1974404","2019-Oct-14 03:27 PM","Honest Kitchen","","","No","Yes","Solid Food","","HONKIT-08","Honest Kitchen","#DDEHGFBSS Grain Free Beef Dog Food 1.75oz - Cup","","Finished Good","2019-Dec-06 04:10 AM","100.00%","","","08-7TH-OCTPO","MISSING BULK (ETA ??)
MUST RUN LAST
RUN THE BULK OUT.","Closed","10007A","","","","MSI Portage","4.50","1685.00000","0.00","0.00","0.00000","43356.00000","cups","48384.00000","43356.00000","5028.00000"
"1974086","2019-Oct-14 03:25 PM","Honest Kitchen","","","No","Yes","Solid Food","","HONKIT-13","Honest Kitchen","#DDEHWGTSS Whole Grain Turkey Dog Food 1.75 oz - Cup","","Finished Good","2019-Nov-28 03:30 AM","100.00%","","","13-6TH-OCTPO","MISSING BULK (ETA 10/16)
RUN THE BULK OUT","Closed","10007A","","","","MSI Portage","4.50","1685.00000","0.00","0.00","0.00000","33732.00000","cups","36864.00000","33732.00000","3132.00000"
"1974085","2019-Oct-14 03:23 PM","Honest Kitchen","","","No","Yes","Solid Food","","HONKIT-11","Honest Kitchen","#DDEHLITSS Grain Free Limited Ingredient Turkey Dog Food 2.0 oz - Cup","","Finished Good","2019-Nov-20 05:00 PM","100.00%","","2019-Nov-13 03:30 PM","11-5TH-OCTPO","RUN THE BULK OUT","Closed","10007A","","","","MSI Portage","4.50","1685.00000","0.00","0.00","0.00000","23544.00000","cups","24192.00000","23544.00000","648.00000"
"1974084","2019-Oct-14 03:22 PM","Honest Kitchen","","","No","Yes","Solid Food","","HONKIT-09","Honest Kitchen","#DDEHGFTSS Grain Free Turkey Dog Food 1.75oz - Cup","","Finished Good","2019-Nov-25 11:40 PM","100.00%","","2019-Nov-05 06:30 AM","09-4TH-OCTPO","RUN THE BULK OUT","Closed","10007A","","","","MSI Portage","4.50","1685.00000","0.00","0.00","0.00000","43368.00000","cups","48384.00000","43368.00000","5016.00000"
"1974043","2019-Oct-14 03:09 PM","Honest Kitchen","","","No","Yes","Solid Food","","HONKIT-14","Honest Kitchen","DDEHGFCSS Grain Free Chicken Dog Food 1.75 oz - Cup","","Finished Good","2019-Nov-07 02:00 AM","100.00%","","2019-Oct-29 06:30 AM","14-3RD-OCTPO","RUN THE BULK OUT","Closed","10007A","","","","MSI Portage","4.50","1685.00000","0.00","0.00","0.00000","45024.00000","cups","48384.00000","45024.00000","3360.00000"
"1974042","2019-Oct-14 03:08 PM","Honest Kitchen","","","No","Yes","Solid Food","","HONKIT-12","Honest Kitchen","#DDEHWGCSS Whole Grain Chicken Dog Food 1.75 oz - Cup","","Finished Good","2019-Oct-29 12:00 AM","100.00%","","2019-Oct-23 06:30 AM","12-2nd-OCTPO","RUN THE BULK OUT","Closed","10007A","","","","MSI Portage","4.50","1685.00000","0.00","0.00","0.00000","33372.00000","cups","36864.00000","33372.00000","3492.00000"
"1974037","2019-Oct-14 03:06 PM","Olly","","","No","Yes","Vitamin","","OLLY-36C-12PK","Olly","700243.01 Kids Multi + Omega 60ct (Cnd) - Large","Medium","Finished Good","2019-Oct-16 05:45 PM","100.00%","","","1974037","","Closed","100839","","","","MSI Portage","8.00","890.00000","0.00","0.00","0.00000","20004.00000","bottles","20000.00000","20004.00000","-4.00000"
"1974032","2019-Oct-14 03:00 PM","Honest Kitchen","","","No","Yes","Solid Food","","HONKIT-10","Honest Kitchen","#DDEHLIFSS Grain Free Limited Ingredient Fish Dog Food 1.75oz - Cup","","Finished Good","2019-Oct-23 10:45 AM","100.00%","","2019-Oct-21 06:30 AM","10-1ST-OCTPO","RUN THE BULK OUT","Closed","10007A","","","","MSI Portage","4.50","1685.00000","0.00","0.00","0.00000","24912.00000","cups","24192.00000","24912.00000","-720.00000"
"1974027","2019-Oct-14 02:58 PM","RX Bar","","","No","Yes","Solid Food","","RXBAR-02-03B","RX Bar","Chocolate Powder Blend - Batch","","Batch","2019-Oct-29 04:18 PM","100.00%","","","02-03B-102119","3 BATCHES","Closed","","","","","MSI Portage","0.00","0.00000","0.00","0.00","0.00000","4392.80000","pounds","2400.00000","4392.80000","-1992.80000"
"1974026","2019-Oct-14 02:57 PM","RX Bar","","","No","Yes","Solid Food","","RXBAR-02-03A","RX Bar","Chocolate Oat Blend - Batch","","Batch","2019-Oct-29 01:00 PM","100.00%","","","02-03A-102119","8 BATCHES","Closed","","","","","MSI Portage","0.00","0.00000","0.00","0.00","0.00000","11749.50000","pounds","6280.00000","11749.50000","-5469.50000"
"1973988","2019-Oct-14 02:47 PM","RX Bar","","","No","Yes","Solid Food","","RXBAR-01-03B","RX Bar","Apple Cinnamon Powder Blend - Batch","","Batch","2019-Oct-24 03:00 PM","100.00%","","2019-Oct-14 06:30 AM","01-03B-101419","6 BATCHES","Closed","","","","","MSI Portage","0.00","0.00000","0.00","0.00","0.00000","6462.40000","pounds","4830.00000","6462.40000","-1632.40000"
"1973985","2019-Oct-14 02:45 PM","RX Bar","","","No","Yes","Solid Food","","RXBAR-01-03A","RX Bar","Apple Cinnamon Oat Blend - Batch","","Batch","2019-Oct-23 11:00 PM","100.00%","","2019-Oct-14 06:30 AM","01-03a-101419","14 BATCHES","Closed","","","","","MSI Portage","0.00","0.00000","0.00","0.00","0.00000","18372.20000","pounds","11690.00000","18372.20000","-6682.20000"
"1973983","2019-Oct-14 02:43 PM","Mars / Wrigley","2019-Oct-17 11:00 PM","","No","Yes","Gum","","MARS-04","Mars / Wrigley","10195953 Extra Spearmint 40pc - 24ct","Extra","Finished Good","2019-Oct-18 08:45 AM","100.00%","2019-Oct-17 11:00 PM","2019-Oct-15 06:00 AM","1973983","You must use Lot #931","Closed","","","","","MSI Portage","11.00","7502.00000","0.00","0.00","0.00000","112968.00000","bottles","168000.00000","112968.00000","55032.00000"
"1972733","2019-Oct-12 11:29 AM","RX Bar","","","No","Yes","","","RXBAR-02","RX Bar","RXT006 Chocolate Oatmeal Cup 12ct","","Finished Good","2019-Oct-28 01:00 PM","100.00%","","2019-Oct-22 06:30 AM","02-5TH-102219","RUN TO THE NUMBER","Closed","5777","","","","MSI Portage","7.00","2181.25000","0.00","0.00","0.00000","60003.00000","cups","60000.00000","60003.00000","-3.00000"
"1972732","2019-Oct-12 11:27 AM","RX Bar","","","No","Yes","","","RXBAR-01","RX Bar","RXT001 Apple Cinnamon Oatmeal Cup 12Ct","","Finished Good","2019-Oct-28 11:00 PM","100.00%","","2019-Oct-17 06:30 AM","01-4TH-101719","RUN TO THE NUMBER ONLY","Closed","5777","","","","MSI Portage","7.00","2181.25000","0.00","0.00","0.00000","90729.00000","cups","90000.00000","90729.00000","-729.00000"
"1972731","2019-Oct-12 11:11 AM","RX Bar","","","No","Yes","","","RXBAR-01A","RX Bar","RXT303 Apple Cinnamon & Maple Oatmeal Cup 8Ct Costco","","Finished Good","2019-Oct-22 01:00 PM","100.00%","","2019-Oct-14 03:30 PM","01A-3RD-101419","*NOTE* YOUR UNIT OF MEASURE HAS CHANGED TO CASES
*NOTE* THE FORMAT CHANGE IN BINDER FOR CASE CODE AND CODE FORMAT ON PALLET TAGS
RUN TO THE NUMBER ONLY!!!
FULL PALLETS ONLY, PARTIALS WILL NOT BE ACCEPTED AT COSTCO","Closed","5778","","","","MSI Portage","9.00","2196.00000","0.00","0.00","0.00000","21809.13000","cases","21600.00000","21809.13000","-209.13000"
"1972140","2019-Oct-11 11:36 AM","Olly","2019-Oct-11 11:35 AM","","No","Yes","Vitamin","","OLLY-75-12PK","Olly","700171.01 Sleep 70ct - Medium","Medium","Finished Good","2019-Oct-18 01:24 PM","100.00%","","","1972140","","Closed","100839","","","","MSI Portage","8.00","889.00000","0.00","0.00","0.00000","64008.00000","bottles","64000.00000","64008.00000","-8.00000"
"1972117","2019-Oct-11 11:04 AM","General Mills","","","No","Yes","Cups","","GNMILL-23","General Mills","16223000 Cheesy Pizza Pasta 2.6oz Cup","","Finished Good","","100.00%","","2019-Oct-16 06:04 AM","23-SALESSAMPLES","SALES SAMPLE RUN","Booked","","","","","MSI Portage","0.00","0.00000","0.00","0.00","0.00000","288.00000","cups","300.00000","288.00000","12.00000"
"1971607","2019-Oct-10 03:58 PM","Hometown Foods","2019-Oct-11 11:00 PM","","No","No","Gum","","HTFOODS-LRW","Hometown Foods","Hometown Foods Labor Rework","","Finished Good","2019-Nov-16 03:00 PM","100.00%","2019-Oct-11 11:00 PM","2019-Oct-10 03:00 PM","1971607","REWORK - 100% Inspection for Broken Lids and Weak Seals - Dispose of all affected lids, Replace with available good lids.

BE GENTLE AND DO NOT WARP LIDS
YOU MUST FILL OUT A REWORK FORM","Closed","","","","","MSI Portage","0.00","0.00000","0.00","0.00","0.00000","0.00000","bottles","47250.00000","0.00000","47250.00000"
"1971566","2019-Oct-10 03:12 PM","Olly","2019-Oct-10 03:10 PM","","No","Yes","Vitamin","","OLLY-36-12PK","Olly","700062.01 Kids Multi + Omega 60ct - Large","Medium","Finished Good","2019-Oct-15 05:19 AM","100.00%","","","1971566","","Closed","100839","","","","MSI Portage","8.00","890.00000","0.00","0.00","0.00000","33612.00000","bottles","33000.00000","33612.00000","-612.00000"
"1971450","2019-Oct-10 02:06 PM","Noosa","2019-Oct-14 02:05 PM","","No","Yes","","","NOOSA-04-03","Noosa","Coconut Almond Blend","","Batch","2019-Oct-29 07:45 AM","100.00%","2019-Oct-28 02:06 PM","2019-Oct-14 02:06 PM","1971450","Coconut chips due 10/18/19 to complete","Closed","33631","","","","MSI Portage","0.00","0.00000","0.00","0.00","0.00000","6840.00000","pounds","6625.00000","6840.00000","-215.00000"
"1971425","2019-Oct-10 01:42 PM","Olly","2019-Oct-10 01:40 PM","","No","Yes","Vitamin","","OLLY-50-BP","Olly","700169.01 Goodbye Stress 50ct - Bonus Pack","Bonus Pack","Finished Good","2019-Oct-15 06:00 PM","100.00%","","","1971425","","Closed","100839","","","","MSI Portage","8.00","989.00000","0.00","0.00","0.00000","50856.00000","bottles","50000.00000","50856.00000","-856.00000"
"1970540","2019-Oct-10 08:51 AM","Vital Proteins","2019-Oct-18 08:51 AM","","No","Yes","","","VITPRO-11A","Vital Proteins","CP20W Collagen Peptides 20 oz. UPC","","Finished Good","2019-Oct-17 03:15 PM","100.00%","","","1970540","","Closed","9824A","","","","MSI Portage","9.50","576.00000","0.00","0.00","0.00000","19884.00000","canisters","25000.00000","19884.00000","5116.00000"
"1970524","2019-Oct-10 08:22 AM","Olly","2019-Oct-10 08:20 AM","","No","Yes","Vitamin","","OLLY-95-12PK","Olly","700235.01 Kids Sleep 50ct - Large","Large","Finished Good","2019-Oct-16 06:15 PM","100.00%","","","1970524","","Closed","100839","","","","MSI Portage","8.00","900.00000","0.00","0.00","0.00000","68004.00000","bottles","68000.00000","68004.00000","-4.00000"
"1970241","2019-Oct-09 03:44 PM","Mars / Wrigley","2019-Oct-12 03:00 PM","","No","Yes","Gum","","MARS-19A","Mars / Wrigley","10213114 Extra Mixed Berry 40pc 6ct 4cs","Extra","Finished Good","2019-Oct-14 07:00 PM","100.00%","2019-Oct-12 03:00 PM","2019-Oct-11 06:00 AM","1970241","","Closed","","","","","MSI Portage","11.00","7500.00000","0.00","0.00","0.00000","54360.00000","bottles","50400.00000","54360.00000","-3960.00000"
"1970229","2019-Oct-09 03:38 PM","Mars / Wrigley","2019-Oct-11 03:00 PM","","No","Yes","Gum","","MARS-20A","Mars / Wrigley","10213091 Extra Mixed Mint 40pc 6ct 4cs","Extra","Finished Good","2019-Oct-11 08:30 PM","100.00%","2019-Oct-11 03:00 PM","2019-Oct-10 06:00 AM","1970229","","Closed","","","","","MSI Portage","11.00","7500.00000","0.00","0.00","0.00000","48888.00000","bottles","50400.00000","48888.00000","1512.00000"
"1970049","2019-Oct-09 01:28 PM","Daiya Foods","2019-Oct-09 01:28 PM","","No","Yes","Solid Food","","DAIYA-02-03","Daiya Foods","Daiya Salted Caramel Crunch Batch","","Batch","2019-Oct-30 03:01 PM","100.00%","2019-Oct-24 01:28 PM","2019-Oct-23 01:28 PM","1970049","","Closed","019540","","","","MSI Portage","0.00","0.00000","0.00","0.00","0.00000","1050.00000","pounds","800.00000","1050.00000","-250.00000"
"1970043","2019-Oct-09 01:26 PM","Daiya Foods","2019-Oct-09 01:25 PM","","No","Yes","","","DAIYA-02A","Daiya Foods","9000206043 Salted Caramel Generic","","Finished Good","2019-Nov-04 02:37 PM","100.00%","2019-Oct-30 01:27 PM","2019-Oct-28 01:27 PM","1970043","Run after Key Lime","Closed","019540","","","","MSI Portage","3.50","3000.00000","0.00","0.00","0.00000","55660.00000","lids","50000.00000","55660.00000","-5660.00000"
"1970042","2019-Oct-09 01:25 PM","Daiya Foods","2019-Oct-09 01:24 PM","","No","Yes","Solid Food","","DAIYA-01-03","Daiya Foods","Key Lime Crumble Batch","","Batch","2019-Oct-25 12:40 PM","100.00%","2019-Oct-25 01:25 PM","2019-Oct-23 01:25 PM","1970042","","Closed","019540","","","","MSI Portage","0.00","0.00000","0.00","0.00","0.00000","2080.00000","pounds","1002.00000","2080.00000","-1078.00000"
"1970039","2019-Oct-09 01:22 PM","Daiya Foods","2019-Oct-09 01:22 PM","","No","Yes","","","DAIYA-01A","Daiya Foods","9000206033 Key Lime Generic","","Finished Good","2019-Oct-25 02:35 PM","100.00%","2019-Oct-25 01:24 PM","2019-Oct-23 01:24 PM","1970039","","Closed","019540","","","","MSI Portage","3.50","3000.00000","0.00","0.00","0.00000","61660.00000","lids","60000.00000","61660.00000","-1660.00000"
"1970037","2019-Oct-09 01:21 PM","Daiya Foods","2019-Oct-09 01:21 PM","","No","Yes","Solid Food","","DAIYA-03-03","Daiya Foods","Salted Cranberry Harvest Batch","","Batch","2019-Nov-13 03:03 PM","100.00%","2019-Oct-24 01:22 PM","2019-Oct-23 01:22 PM","1970037","","Closed","019540","","","","MSI Portage","0.00","0.00000","0.00","0.00","0.00000","1260.00000","pounds","925.00000","1260.00000","-335.00000"
"1970032","2019-Oct-09 01:15 PM","Daiya Foods","2019-Oct-09 01:15 PM","","No","Yes","","","DAIYA-03A","Daiya Foods","9000206023 Cranberry Harvest Generic","","Finished Good","2019-Nov-13 02:21 PM","100.00%","2019-Oct-24 01:21 PM","2019-Oct-23 01:20 PM","1970032","","Closed","019540","","","","MSI Portage","3.50","3000.00000","0.00","0.00","0.00000","36045.00000","lids","35000.00000","36045.00000","-1045.00000"
"1970028","2019-Oct-09 01:12 PM","Daiya Foods","2019-Oct-09 01:12 PM","","No","Yes","Solid Food","","DAIYA-04-03","Daiya Foods","Daiya Chocolate Coconut Crunch Batch","","Batch","2019-Oct-29 12:11 PM","100.00%","2019-Oct-24 01:14 PM","2019-Oct-21 01:14 PM","1970028","","Closed","019540","","","","MSI Portage","0.00","0.00000","0.00","0.00","0.00000","1500.00000","pounds","1189.00000","1500.00000","-311.00000"
"1970015","2019-Oct-09 01:06 PM","Daiya Foods","2019-Oct-09 01:05 PM","","No","Yes","","","DAIYA-04A","Daiya Foods","9000206013 Chocolate Coconut Generic","","Finished Good","2019-Nov-08 02:53 PM","100.00%","2019-Oct-23 01:11 PM","2019-Oct-21 01:10 PM","1970015","","Closed","019540","","","","MSI Portage","3.50","3000.00000","0.00","0.00","0.00000","77690.00000","lids","70000.00000","77690.00000","-7690.00000"
"1969464","2019-Oct-09 08:34 AM","Olly","","","No","Yes","Pouches","","OLLY-113","Olly","700270.01 Undeniable Beauty 10Ct. Travel Pack","","Finished Good","2019-Oct-22 04:33 PM","100.00%","","","1969464","","Closed","100839","","","","MSI Portage","4.00","760.00000","0.00","0.00","0.00000","41448.00000","pouches","40000.00000","41448.00000","-1448.00000"
"1969419","2019-Oct-09 07:57 AM","Dean Foods","2019-Dec-13 07:55 AM","","No","No","","","DEAN-03","Dean Foods","Deans Foods Granola","","Finished Good","","100.00%","2019-Dec-11 07:59 AM","2019-Nov-20 07:57 AM","1969419","Bulk material due 11.18.19
Run after Almonds complete","Booked","12.13.19 R","","","","MSI Portage","3.50","3000.00000","0.00","0.00","0.00000","0.00000","lids","219240.00000","0.00000","219240.00000"
"1969287","2019-Oct-08 06:11 PM","Mars / Wrigley","2019-Oct-18 03:00 PM","","No","Yes","Gum","","MARS-20-03","Mars / Wrigley","Refresher Mixed Mint Gum Mixing","","Bulk","2019-Oct-10 09:57 PM","100.00%","2019-Oct-18 03:00 PM","2019-Oct-09 03:00 PM","1969287","","Closed","","","","","MSI Portage","0.00","0.00000","0.00","0.00","0.00000","4200.00000","kilograms","6400.00000","4200.00000","2200.00000"
"1969286","2019-Oct-08 06:08 PM","Mars / Wrigley","2019-Oct-12 03:00 PM","","No","Yes","Gum","","MARS-19-03","Mars / Wrigley","Refreshers Mixed Berry Gum Mixing","","Bulk","2019-Oct-14 10:00 PM","100.00%","2019-Oct-12 03:00 PM","2019-Oct-10 03:00 PM","1969286","","Closed","","","","","MSI Portage","0.00","0.00000","0.00","0.00","0.00000","7345.00000","kilograms","6400.00000","7345.00000","-945.00000"
"1969285","2019-Oct-08 06:00 PM","Mars / Wrigley","2019-Oct-31 11:00 PM","","No","Yes","Candy","","MARS-26","Mars / Wrigley","10202907 Dove Truffles Dark Choc Valentine 6ct. 2cs.","","Finished Good","2019-Dec-02 11:00 PM","100.00%","2019-Oct-31 11:00 PM","2019-Oct-09 06:00 AM","3RD PRIORITY","RUN OUT ALL AVAILABLE DARK CHOCOLATE BULK

RECONCILE AND RUN EVERYDAY PEANUT BUTTER","Closed","","","","","MSI Portage","7.50","2105.00000","0.00","0.00","0.00000","218208.00000","bags","219880.00000","218208.00000","1672.00000"
"1969283","2019-Oct-08 05:57 PM","Mars / Wrigley","2019-Oct-31 11:00 PM","","No","Yes","Candy","","MARS-25","Mars / Wrigley","10202904 Dove Truffles Milk Choc Valentine 6ct. 2cs.","","Finished Good","2019-Nov-22 08:30 AM","100.00%","2019-Oct-31 11:00 PM","2019-Oct-09 06:00 AM","2ND PRIORITY VALENTINES","REWORK PALLETS ON HOLD AS SOON AS POSSIBLE DURING PRODUCTION SHIFT

AFTER HITTING THE PROJECT NUMBER, FINISH ON A FULL PALLET, RECONCILE,
GO TO RUNNING VALENTINES DARK 12 CT.","Closed","","","","","MSI Portage","8.50","2315.12500","0.00","0.00","0.00000","232416.00000","bags","227856.00000","232416.00000","-4560.00000"
"1969094","2019-Oct-08 02:21 PM","Noosa","2019-Oct-08 02:20 PM","","No","Yes","","","NOOSA-06-03","Noosa","Salted Caramel Chocolate Blend","","Batch","2019-Oct-12 11:05 AM","100.00%","","","1969094","","Closed","","","","","MSI Portage","0.00","0.00000","0.00","0.00","0.00000","1980.00000","pounds","5000.00000","1980.00000","3020.00000"
"1969068","2019-Oct-08 01:53 PM","Vital Proteins","2019-Oct-18 01:53 PM","","No","Yes","Bottles","","VITPRO-10","Vital Proteins","WATSL12U4PK Collagen Water (Strawberry Lemon) 12oz, 4 Pack","","Finished Good","2019-Oct-14 01:01 PM","100.00%","","","1969068","","Closed","9984A","","","","MSI Portage","8.50","304.25000","0.00","0.00","0.00000","3360.00000","cartons","3000.00000","3360.00000","-360.00000"
"1969065","2019-Oct-08 01:52 PM","Vital Proteins","2019-Oct-18 01:52 PM","","No","Yes","Bottles","","VITPRO-08","Vital Proteins","WATBM12U4PK Collagen Water (Blueberry Mint) 12oz, 4 Pack","","Finished Good","2019-Oct-15 01:00 PM","100.00%","","","1969065","","Closed","9984A","","","","MSI Portage","8.50","304.25000","0.00","0.00","0.00000","3344.00000","cartons","3000.00000","3344.00000","-344.00000"
"1969062","2019-Oct-08 01:51 PM","Vital Proteins","2019-Oct-18 01:51 PM","","No","Yes","Bottles","","VITPRO-06","Vital Proteins","WATRL12U4PK Collagen Water (Lemon Slice) 12oz, 4 Pack","","Finished Good","2019-Oct-11 02:46 PM","100.00%","","","1969062","","Closed","9984A","","","","MSI Portage","8.50","304.25000","0.00","0.00","0.00000","3344.00000","cartons","3000.00000","3344.00000","-344.00000"
"1968980","2019-Oct-08 12:55 PM","Noosa","2019-Oct-11 12:55 PM","","No","Yes","","","NOOSA-08-03","Noosa","Coffee Chocolate Almond","","Batch","2019-Oct-12 11:54 AM","100.00%","2019-Oct-08 12:55 PM","2019-Oct-08 12:55 PM","1968980","","Closed","","","","","MSI Portage","0.00","0.00000","0.00","0.00","0.00000","4480.00000","pounds","2400.00000","4480.00000","-2080.00000"
"1968329","2019-Oct-08 09:09 AM","General Mills","","","No","Yes","Cups","","GNMILL-26","General Mills","16226000 Spicy Nacho Pasta 2.6oz Cup","","Finished Good","2019-Oct-09 11:34 AM","100.00%","","2019-Oct-08 06:30 AM","26-3rd-SALESSAMPLES","SALES SAMPLES","Closed","","","","","MSI Portage","0.00","0.00000","0.00","0.00","0.00000","296.00000","cups","300.00000","296.00000","4.00000"
"1968323","2019-Oct-08 09:07 AM","General Mills","","","No","Yes","Cups","","GNMILL-25","General Mills","16225000 Pepper Jack Queso Pasta 2.6oz Cup","","Finished Good","2019-Oct-09 11:17 AM","100.00%","","2019-Oct-08 06:30 AM","25-2nd-SALESSAMPLE","SALES SAMPLE","Closed","","","","","MSI Portage","0.00","0.00000","0.00","0.00","0.00000","290.00000","cups","300.00000","290.00000","10.00000"
"1968304","2019-Oct-08 08:40 AM","General Mills","","","No","Yes","Cups","","GNMILL-24","General Mills","16224000 Three Cheese Pasta 2.6oz Cup","","Finished Good","2019-Oct-09 10:54 AM","100.00%","","2019-Oct-08 06:30 AM","24-1ST-SALESSAMPLE","SALES SAMPLE RUN","Closed","","","","","MSI Portage","0.00","0.00000","0.00","0.00","0.00000","284.00000","cups","300.00000","284.00000","16.00000"
"1968295","2019-Oct-08 08:37 AM","Olly","2019-Oct-08 08:35 AM","","No","Yes","Vitamin","","OLLY-103-12PK","Olly","700251.01 Active Immunity Berry 45ct - Medium","Medium","Finished Good","2019-Oct-10 09:00 AM","100.00%","","","1968295","Keep an eye on bottle labels","Closed","100839","","","","MSI Portage","8.00","957.25000","0.00","0.00","0.00000","33300.00000","bottles","41000.00000","33300.00000","7700.00000"
"1968256","2019-Oct-08 08:03 AM","General Mills","","","No","Yes","Pouches","","GNMILL-23WIP","General Mills","Cheesy Pizza Pouch - WIP","","WIP","2019-Oct-09 10:37 PM","100.00%","","2019-Oct-08 06:30 AM","23WIP-TRIAL","TRIAL BATCH","Closed","","","","","MSI Portage","0.00","0.00000","0.00","0.00","0.00000","6900.00000","pouches","18000.00000","6900.00000","11100.00000"
"1968212","2019-Oct-08 07:29 AM","Olly","2019-Oct-08 07:25 AM","","No","Yes","Vitamin","","OLLY-07-BP","Olly","#700135.01 Olly Men's Multi 108ct - Bonus Pack","Bonus Pack","Finished Good","2019-Oct-10 11:00 PM","100.00%","","","1968212","","Closed","100839","","","","MSI Portage","8.00","588.00000","0.00","0.00","0.00000","49428.00000","bottles","63500.00000","49428.00000","14072.00000"
"1967448","2019-Oct-07 02:33 PM","Mars / Wrigley","2019-Oct-18 11:00 PM","","No","Yes","Gum","","MARS-05","Mars / Wrigley","10195955 Extra Polar Ice 40pc - 24ct","Extra","Finished Good","2019-Oct-25 12:00 PM","100.00%","2019-Oct-18 11:00 PM","2019-Oct-07 03:00 PM","1967448","You must first use lot number starting with 931 until you've used all of that lot then go to lot 932","Closed","","","","","MSI Portage","11.00","7502.00000","0.00","0.00","0.00000","292080.00000","bottles","400000.00000","292080.00000","107920.00000"
"1966224","2019-Oct-07 08:34 AM","General Mills","","","No","Yes","","","GNMILL-23-03","General Mills","Cheesy Pizza Seasoning Blend - Batch","","Batch","","100.00%","","2019-Oct-08 06:30 AM","23-03-SALESSAMPLES","DO NOT USE ONION POWDER UNTIL AUTHORIZED.
1 BATCH","Open","","","","","MSI Portage","0.00","0.00000","0.00","0.00","0.00000","600.00000","pounds","600.00000","600.00000","0.00000"
"1965778","2019-Oct-04 02:36 PM","Mars / Wrigley","2019-Oct-10 11:00 PM","","No","Yes","Gum","","MARS-02","Mars / Wrigley","10194979 Eclipse Winterfrost Eiffel 120pc 24ct","","Finished Good","2019-Oct-10 05:30 PM","100.00%","2019-Oct-10 11:00 PM","2019-Oct-08 03:00 PM","1965778","","Closed","","","","","MSI Portage","10.00","2880.00000","0.00","0.00","0.00000","34440.00000","bottles","33600.00000","34440.00000","-840.00000"
"1965554","2019-Oct-04 01:10 PM","Kraft/Heinz","","","No","Yes","Lids","","KRAFT-08","Kraft/Heinz","Dark Chocolate Twister Overcap","","Samples","2019-Oct-04 04:30 PM","100.00%","","","08-5TH-TRIAL-100419","HANDFILL
NITROGEN FLUSH
SHELF LIFE SAMPLES","Closed","","","","","MSI Portage","9.00","1250.00000","0.00","0.00","0.00000","36.00000","lids","75.00000","36.00000","39.00000"
"1965419","2019-Oct-04 11:12 AM","RX Bar","","","No","Yes","Solid Food","","RXBAR-03-03B","RX Bar","Maple Powder Blend - Batch","","Batch","2019-Oct-15 08:47 PM","100.00%","","2019-Oct-04 06:30 AM","03-03B-100419","MATERIALS HERE- RECEIVING/QA HASN'T RELEASED
8 BATCHES","Closed","","","","","MSI Portage","0.00","0.00000","0.00","0.00","0.00000","7175.20000","pounds","6160.00000","7175.20000","-1015.20000"
"1965413","2019-Oct-04 11:08 AM","RX Bar","","","No","Yes","Solid Food","","RXBAR-03-03A","RX Bar","Maple Oat Blend - Batch","","Batch","2019-Oct-15 11:00 PM","100.00%","","2019-Oct-04 06:30 AM","03-03A-100419","23 BATCHES","Closed","","","","","MSI Portage","0.00","0.00000","0.00","0.00","0.00000","18722.50000","pounds","18400.00000","18722.50000","-322.50000"
"1965080","2019-Oct-04 08:04 AM","Kraft/Heinz","","","No","Yes","Lids","","KRAFT-07","Kraft/Heinz","Milk Chocolate Twisters Overcap","","Samples","2019-Oct-04 02:30 PM","100.00%","","","07-4th-TRIAL-100419","HAND FILL
NITROGEN FLUSH
SHELF LIFE SAMPLES","Closed","","","","","MSI Portage","9.00","1250.00000","0.00","0.00","0.00000","67.00000","lids","75.00000","67.00000","8.00000"
"1964831","2019-Oct-03 05:54 PM","Olly","2019-Oct-03 05:50 PM","","No","Yes","Vitamin","","OLLY-104-12PK","Olly","700253.01 Immunity Sleep 36ct - Medium","Medium","Finished Good","2019-Oct-08 03:00 PM","100.00%","","","1964831","","Closed","100839","","","","MSI Portage","0.00","0.00000","0.00","0.00","0.00000","45756.00000","bottles","42000.00000","45756.00000","-3756.00000"
"1964793","2019-Oct-03 04:14 PM","A2 BIO","","","No","No","2oz Bottle","","A2BIO-01-99","A2 BIO","Gabanite Berry 2oz Shot","","Finished Good","2019-Oct-05 08:00 PM","100.00%","","","01-99","REWORK- NEED TO PLACE IN SHIPPERS
641121
641122
641123
641136
641137
641138","Closed","","","","","MSI Portage","0.00","0.00000","0.00","0.00","0.00000","0.00000","bottles","20820.00000","0.00000","20820.00000"
"1964764","2019-Oct-03 03:13 PM","Hometown Foods","2019-Oct-09 11:36 AM","","No","Yes","Pouches","","HTFOODS-41","Hometown Foods","250034 Holiday Blending FF Chips","","Finished Good","2019-Oct-11 08:00 PM","100.00%","2019-Oct-09 11:36 AM","2019-Oct-07 11:36 AM","1964764","PLEASE DO NOT RUN IF THERE IS NO PO LISTED IN THE REFERENCE FIELD

RAW MATERIAL SHORTAGES :
#12297 Holiday Chocolate Chips - HTFOODS-41-03","Closed","OCT FORECAST","DO NOT RUN IF NO PO","","","MSI Portage","0.00","0.00000","0.00","0.00","0.00000","52058.00000","pouches","45600.00000","52058.00000","-6458.00000"
"1964693","2019-Oct-03 02:06 PM","Daiya Foods","","","No","No","Solid Food","","DAIYA-01-03","Daiya Foods","Key Lime Crumble Batch","","Batch","","100.00%","","","1964693","","Closed","","","","","MSI Portage","0.00","0.00000","0.00","0.00","0.00000","","pounds","850.00000","0.00000","850.00000"
"1964576","2019-Oct-03 01:27 PM","Kraft/Heinz","","","No","Yes","Lids","","KRAFT-01","Kraft/Heinz","5516126 Health Overcap","","Finished Good","2019-Oct-04 03:45 PM","100.00%","","2019-Oct-04 06:30 AM","01-3RD-TRIAL-100419","HAND FILL
NITROGEN FLUSH REQUIRED
SHELF LIFE SAMPLES","Closed","","","","","MSI Portage","7.00","5725.00000","0.00","0.00","0.00000","131.00000","lids","1000.00000","131.00000","869.00000"
"1964574","2019-Oct-03 01:25 PM","Kraft/Heinz","","","No","Yes","Lids","","KRAFT-09","Kraft/Heinz","5531096 Graham Cracker Twisters Overcap","","Finished Good","2019-Oct-04 01:00 PM","100.00%","","2019-Oct-04 06:30 AM","09-2nd-TRIAL-100419","SCALE FILL
NITROGEN FLUSH REQUIRED
SHELF LIFE SAMPLES","Closed","","","","","MSI Portage","7.00","5725.00000","0.00","0.00","0.00000","128.00000","lids","1000.00000","128.00000","872.00000"
"1964367","2019-Oct-03 12:37 PM","Vital Proteins","","","No","Yes","","","VITPRO-11","Vital Proteins","CP20X Collagen Peptides 20oz","","Finished Good","2019-Oct-10 01:30 PM","100.00%","","","1964367","","Closed","","","","","MSI Portage","9.50","576.00000","0.00","0.00","0.00000","12296.00000","canisters","25000.00000","12296.00000","12704.00000"
"1963519","2019-Oct-03 07:08 AM","Unilever","2020-Feb-01 07:08 AM","","No","No","Bottles","","UNILEV-01","Unilever","84170592 Hellmans Real Mayo Sqz 6/5.75 oz","","Finished Good","","100.00%","2020-Feb-01 07:08 AM","2020-Jan-27 07:08 AM","1963519","PLEASE DO NOT RUN IF THERE IS NO PO IN THE REFERENCE FIELD","Booked","JAN 2020 FORECAST","DO NOT RUN IF NO PO","","","MSI Portage","10.00","3750.00000","0.00","0.00","0.00000","0.00000","bottles","138000.00000","0.00000","138000.00000"
"1963489","2019-Oct-03 06:56 AM","Unilever","2020-Jan-25 06:56 AM","","No","No","Bottles","","UNILEV-01","Unilever","84170592 Hellmans Real Mayo Sqz 6/5.75 oz","","Finished Good","","100.00%","2020-Jan-25 06:57 AM","2020-Jan-20 06:57 AM","1963489","","Booked","4503577924","","","","MSI Portage","10.00","3750.00000","0.00","0.00","0.00000","0.00000","bottles","82800.00000","0.00000","82800.00000"
"1963237","2019-Oct-02 03:13 PM","Unilever","2019-Dec-21 03:13 PM","","No","Yes","Bottles","","UNILEV-01","Unilever","84170592 Hellmans Real Mayo Sqz 6/5.75 oz","","Finished Good","2019-Dec-19 03:00 PM","100.00%","2019-Dec-21 03:15 PM","2019-Dec-16 03:15 PM","1963237","Running over the project number is fine","Closed","4503538446","","","","MSI Portage","10.00","3750.00000","0.00","0.00","0.00000","123084.00000","bottles","82800.00000","123084.00000","-40284.00000"
"1962778","2019-Oct-02 01:34 PM","Olly","2019-Oct-02 01:30 PM","","No","Yes","Vitamin","","OLLY-10-BP","Olly","700136.01 Olly Kids Multi 84ct - Bonus Pack","Bonus Pack","Finished Good","2019-Oct-10 12:27 PM","100.00%","","","1962778","","Closed","100839","","","","MSI Portage","8.00","588.00000","0.00","0.00","0.00000","70083.00000","bottles","70000.00000","70083.00000","-83.00000"
"1962707","2019-Oct-02 12:33 PM","Unilever","2019-Oct-15 12:32 PM","","No","Yes","Bottles","","UNILEV-06","Unilever","#67664157 Best Foods Olive Oil Mayo Sqz 6/5.75 oz","","Finished Good","2019-Oct-15 03:00 PM","100.00%","2019-Oct-15 12:34 PM","2019-Oct-15 12:34 PM","1962707","RUN UNTIL OUT OF MAYO - 4 TOTES ON HAND
UNILEV-06-05	 - JUST ENOUGH SHIPPERS TO RUN THIS PROJECT...WILL NEED TO REORDER MORE BY END OF THE YR","Closed","4503450797","","","","MSI Portage","0.00","0.00000","0.00","0.00","0.00000","26172.00000","bottles","27700.00000","26172.00000","1528.00000"
"1962704","2019-Oct-02 12:25 PM","Unilever","2019-Oct-14 12:26 PM","","No","Yes","Bottles","","UNILEV-05","Unilever","#67664156 Hellmans Olive Oil Mayo Sqz 6/5.75 oz","","Finished Good","2019-Oct-14 03:00 PM","100.00%","2019-Oct-14 12:28 PM","2019-Oct-14 12:28 PM","1962704","RUN OUT JUL1619CFE BATCHES 
UNILEV-05-06B - ONLY 23400 BACK LABELS AVAILABLE - RUN UNTIL LABELS RUN OUT","Closed","4503450797","","","","MSI Portage","0.00","0.00000","0.00","0.00","0.00000","21576.00000","bottles","23400.00000","21576.00000","1824.00000"
"1962647","2019-Oct-02 11:49 AM","Daiya Foods","","","No","No","Solid Food","","DAIYA-01-03","Daiya Foods","Key Lime Crumble Batch","","Batch","","100.00%","","","1962647","","Closed","OCT FORECAST","","","","MSI Portage","0.00","0.00000","0.00","0.00","0.00000","","pounds","1300.00000","0.00000","1300.00000"
"1962356","2019-Oct-02 09:53 AM","Phonomenal","2019-Oct-11 09:52 AM","","No","Yes","","","PHONOM-02WIPg","Phonomenal","Vegetable Stock Pouches","","WIP","2019-Oct-05 12:00 AM","100.00%","","","1962356","Please run out all vegetable soup base.","Closed","1008","","","","MSI Portage","1.50","1750.00000","0.00","0.00","0.00000","12800.00000","pouches","12000.00000","12800.00000","-800.00000"
"1962155","2019-Oct-02 08:13 AM","Olly","2019-Oct-02 08:10 AM","","No","Yes","Vitamin","","OLLY-76-12PK","Olly","700170.01 Women's Berry Multi 130ct - Tallboy","","Finished Good","2019-Oct-08 07:00 AM","100.00%","","","1962155","","Closed","100839","","","","MSI Portage","8.00","433.00000","0.00","0.00","0.00000","41868.00000","bottles","42000.00000","41868.00000","132.00000"
"1961404","2019-Oct-01 11:57 AM","Hometown Foods","2019-Oct-04 11:00 PM","","No","Yes","","","HTFOODS-26","Hometown Foods","5150008002 Cream Cheese Pastry Bag","","Finished Good","2019-Oct-03 08:00 PM","100.00%","2019-Oct-04 11:00 PM","2019-Oct-02 06:00 AM","1961404","","Closed","","","","","MSI Portage","8.00","1840.00000","0.00","0.00","0.00000","34020.00000","bags","33000.00000","34020.00000","-1020.00000"
"1961399","2019-Oct-01 11:54 AM","Hometown Foods","2019-Oct-11 11:00 PM","","No","Yes","","","HTFOODS-27","Hometown Foods","5150008000 Vanilla Pastry Bag","","Finished Good","2019-Oct-24 12:00 AM","100.00%","2019-Oct-11 11:00 PM","2019-Oct-07 03:00 PM","1961399","","Closed","","","","","MSI Portage","7.50","1725.00000","0.00","0.00","0.00000","85602.00000","bags","84000.00000","85602.00000","-1602.00000"
"1960894","2019-Oct-01 11:05 AM","Hometown Foods","2019-Oct-12 11:05 AM","","No","Yes","Pouches","","HTFOODS-40","Hometown Foods","250080 Rainbow Choc Chip","","Finished Good","2019-Oct-28 11:00 PM","100.00%","2019-Oct-12 11:05 AM","2019-Oct-09 11:05 AM","1960894","RUN OUT THE CANDY","Closed","PBATCH003536","","","","MSI Portage","2.00","1982.00000","0.00","0.00","0.00000","158119.00000","pouches","156000.00000","158119.00000","-2119.00000"
"1959705","2019-Sep-30 01:12 PM","Vital Proteins","2019-Oct-04 01:11 PM","","No","Yes","","","VITPRO-03","Vital Proteins","CP10WF Collagen Peptides 10 oz. - Whole Foods","","Finished Good","2019-Oct-02 03:15 PM","100.00%","","","1959705","","Closed","9823A","","","","MSI Portage","9.50","1065.00000","0.00","0.00","0.00000","14920.00000","canisters","20000.00000","14920.00000","5080.00000"
"1959696","2019-Sep-30 01:07 PM","Vital Proteins","2019-Oct-04 01:07 PM","","No","Yes","","","VITPRO-04","Vital Proteins","CP10WFT Collagen Peptides Whole Foods 10oz (6 Pack)","","Finished Good","2019-Oct-04 03:15 PM","100.00%","","","1959696","","Closed","9823A","","","","MSI Portage","0.00","0.00000","0.00","0.00","0.00000","14214.00000","canisters","20000.00000","14214.00000","5786.00000"
